,rank,itemName,itemPrice,itemCaption,itemUrl,genreId
0,1,【365日出荷】美陽堂 BIYOUDO ミネラルウォーター 水 500ml×42本 送料 無料 九州 熊本産 シリカウォーター 放射性物質検査済み 阿蘇山由来 シリカ水 軟水 保存料なし (500ミリ/備蓄/日本製/国内/保存水/ミネラルウォーター/500ml×48本入りではございません/送料無料),2060,美陽堂 ミネラルウォーター 500ml × 42本/1箱 買い物カゴへ 熊本県 阿蘇山由来の天然水、完全国産のミネラルウォーター。 九州の中央に位置する熊本県 阿蘇山由来の清らかな水を、地下200メートルから採水。 豊かな自然がはぐくんだ天然水本来の美味しさをそのままに、 3層のフィルター除菌と紫外線殺菌によって非加熱処理で磨き上げました。 ほぼ全ての工程はオートメーション化され、製品に人の手が触れることのない衛生的な環境でボトリング。 採水から製品化までを一貫して行う国内工場にて製造し、 ペットボトルやキャップ、ラベル、ダンボールは全て日本製です。 美のミネラル、天然シリカを50mg/L以上含みます。 シリカ（＝ケイ素）は成人1日あたり約30mlが必要といわれているミネラルです。 コラーゲン合成において重要な役割を果たすシリカは、 別名「美のミネラル」ともよばれ国内外で注目されている成分の1つです。 食品によって摂取することもできますが、 ミネラルウォーターなどの水溶で摂取することで体内のアミノ酸や有機酸と反応し、 力を発揮するといわれています。本製品は50mg/L以上含まれています。 pH7.3、硬度49.5の軟水 pHとは酸性度またはアルカリ性度の単位です。本製品は人間の血液、pH7.3〜7.4 に限りなく近いpH7.3。 日本人の口にあう硬度49.5mg/Lの軟水です。身体に浸みわたる日本の天然水をご賞味ください。 安心安全な水質 第三者機関による水質検査済み。有害物質や放射能などの、 人体に悪影響を及ぼす成分が検出されない天然水です。 美陽堂がお送りする、安心安全な天然水をお楽しみください。 商品仕様 商品名 美陽堂 ミネラルウォーター シリーズ名 BIYOUDO 名称 ナチュラルミネラルウォーター 原産国 / 採水地 日本/熊本県菊池市旭志川辺 原材料名 水（鉱水） 内容量 500ml×42本 賞味期限 製造後18か月 保存方法 直射日光や高温多湿の場所を避けて保存してください 栄養成分表示(100mlあたり) エネルギー0kcal、たんぱく質0g、脂質0g、炭水化物0g、ナトリウム0.71mg（食塩相当量0.0018g）、カリウム0.32mg、カルシウム1.15mg、マグネシウム0.52mg その他成分 pH7.3、硬度50mg/L（軟水）、シリカ50mg/L 備考 注意事項 開栓後は冷蔵庫に入れお早めにお飲みください。天然のミネラル成分が白く浮遊、沈殿することがありますが 品質には問題ありません。容器のまま冷凍、加熱しないでください。容器が膨張し破裂する恐れがあります。,https://item.rakuten.co.jp/biyoudou/10000164/,201351
1,2,【クーポン利用で2箱15％OFF】炭酸水 500ml 24本 送料無料 強炭酸 無糖 ZAO SODA プレーン レモン ライフドリンクカンパニー LDC 割り材 まとめ買い 箱買い 48本で割引あり,1598,名峰・蔵王連峰山麓の地下水を使用した、強炭酸水です。 おいしい水を、すっきりさわやかで爽快な飲み心地に仕上げました。 健康的な毎日の飲み物として、ハイボールやソーダ割りなどの割り材として、さまざまな用途にお使い頂けます。 500ml（ミリリットル）24本入り1ケースの販売ページです。 全国送料無料でお届けします。 ※1箱単位での配送となります。2箱(48本)以上のご注文の場合は伝票番号も個口分、発行されますので再配達依頼の際はご注意ください。 予めご了承いただきますようお願いいたします。 名称 炭酸飲料 原材料名 水／炭酸、香料（レモンのみ） 内容量 ペットボトル（500ml）×24本 賞味期限 製造後6か月（キャップに記載） 保存方法 直射日光、高温を避けて保存してください。 製造者 株式会社ライフドリンクカンパニー大阪府大阪市北区梅田3-3-10 製造工場 株式会社ライフドリンクカンパニー蔵王工場 栄養成分 エネルギー　0kcal ／ たんぱく質　0g脂質　0g ／ 炭水化物　0g ／ 食塩相当量　0.01g,https://item.rakuten.co.jp/lifedrinkcompany/zaosoda-500/,506536
2,3,【15% OFFクーポン ノイズキャンセリング搭載】Anker Soundcore Liberty Air 2 Pro【完全ワイヤレスイヤホン / Bluetooth5.0対応 / ウルトラノイズキャンセリング / 外音取り込み / ワイヤレス充電対応 / IPX4防水規格 / 最大26時間音楽再生 / 専用アプリ対応 / 】,12980,"【※ご注意: Anker製品はAnkerDirectのみが正規販売店ですのでご注意ください】 &#8226;ベストセラーモデルがさらに進化：&#12040;気モデル「Soundcore Liberty Air 2」の音質・機能性をさらにアップグレードした上位モデル。Anker独自の「ウルトラノイズキャンセリング」を搭載。イヤホンの外側と内側に配置した2つのマイクで周囲の音を検知し雑音を除去することで、聴きたい音楽をクリアに届けます。また、あなたが今いる環境をアプリ上で選ぶだけで、そのシーンに最適なノイズキャンセリングを起動させることができます。 &#8226;HearID 2.0：従来のHearing Profileの自動作成に加えて、ロックやポップ等の音楽ジャンルを掛け合わせて設定することが可能になり、より自分の好みにあったサウンドをお楽しみいただけます。 &#8226;外音取り込み機能：音楽を聴いていても、イヤホンを付けたまま会話や公共施設のアナウンス等の外音を取り込んで聴くことがきます。(※本機能はアプリでの設定が必要です) &#8226;直感的なタッチ操作：イヤホンのタッチパッドを操作するだけで、着信への応答や音楽の再生、停止、曲送りが可能な他、ノイズキャンセリングや外音取り込み機能の切り替えができます。 &#8226;パッケージ内容：Soundcore Liberty Air 2 Pro、充電ケース、イヤーチップ(XXXS / XXS / XS / S / M / M+ / L / L+ / XL　※Mサイズは本体に取り付け済み)、USB-C & USB-Aケーブル、クイックスタートガイド、安全マニュアル、最大24ヶ月保証 (※正規販売店からの注文に限り18ヶ月保証の対象となり、条件付きで+6ヶ月の延長保証が付きます。注文番号が保証書の代わりとなります。)、カスタマーサポート 製品仕様 商品名 Anker Soundcore Liberty Air 2 Pro 再生可能時間 ・通常モード：最大7時間(イヤホン本体のみ) / 最大26時間(充電ケース使用時) ・ノイズキャンセリングモード：最大6時間(イヤホン本体のみ) / 最大21時間(充電ケース使用時) ・外音取り込みモード：最大6.5時間(イヤホン本体のみ) / 最大23時間(充電ケース使用時) 製品重量 約62g(充電ケース含む) 防水規格 IPX4 通信方式 Bluetooth 5 Bluetoothプロファイル A2DP, AVRCP, HFP, HSP 対応コーデック SBC / AAC ご注意 アルコール濃度の高い液体が長時間付着すると、充電ケース表面にしわが発生する可能性があります。お手入れの際は除菌用ウェットティッシュ等のご利用はお控えいただき、乾いた布をご使用ください。 パッケージ内容 Soundcore Liberty Air 2 Pro、充電ケース、イヤーチップ(XXXS / XXS / XS / S / M / M+ / L / L+ / XL　※Mサイズは本体に取り付け済み)、USB-C & USB-Aケーブル、クイックスタートガイド、安全マニュアル、最大24ヶ月保証 (※正規販売店からの注文に限り18ヶ月保証の対象となり、条件付きで+6ヶ月の延長保証が付きます。注文番号が保証書の代わりとなります。)、カスタマーサポート",https://item.rakuten.co.jp/anker/a3951/,502835
3,4,【VT公式】楽天上半期ベストコスメ【CICAデイリースージングマスク (30枚入り) 】シートマスク マスクパック デイリーマスク シカ CICA 鎮静 潤い スキンケア コスメ 保湿 大容量 シートマスク 韓国コスメ 自宅エステ おうち美容 シカパック_AD_SS,1936,"商品情報 製品名 VTシカデイリースージングマスク VT CICA DAILY SOOTHING MASK 商品説明 乾燥して疲れた肌にうるおいを届けて肌を鎮静するデイリースペシャルマスク。 濃密なうるおいで一日一回　うるおい補給＋鎮静ケア＋エネルギーチャージ 簡単にスキンケアできる大容量デイリーマスクで、朝・夜に簡単にケア！ VT独自成分を配合して水分&鎮静ケア、油・水分バランスを整えて穏やかな肌へ。 ブランド VT cosmetics 原産国 韓国 商品区分 化粧品 容量 30枚 使用期間 開封前：24ヶ月　個包装開封後：12ヶ月 使用方法 1．洗顔後、化粧水で肌をととのえます。 2．フタを開けてミニピンセットで一枚を取り出します。 3．顔に均一に密着させ、10−15分後にとって 　残りの美容液はやさしくタッピングしてなじませます。 製品使用上注意事項 1.お肌に異常が生じていないかよく注意して使用してください。化粧品がお肌に合わないとき即ち次のような場合には、使用を中止してください。そのまま使用を続けますと、症状を悪化させることがありますので、皮膚科専門医等にご相談されることをおすすめします。 (1)使用中、赤味、はれ、かゆみ、刺激、色抜け(白斑等)や黒ずみ等の異常があらわれた場合 (2)使用したお肌に、直射日光があたって上記のような異常があらわれた場合 2.傷やはれもの、しっしん等、異常のある部位にはお使いにならないでください。 3.目に入った時は、直ちに洗い流してください。 4.保管及び取扱い上の注意 (1)開封後はお早めにご使用ください。 (2)乳幼児の手の届かないところに保管してください。 (3)高温又は低温の場所、直射日光のあたる場所には保管しないでください。 キーワード シートマスク マスクパック スキンケア 化粧水 シカ 鎮静 水分 うるおい しっとり ツヤ ツヤ肌 角質 皮脂 ケア 肌キメ　毛穴 引き締め バランスケア ツルツル 乾燥肌 敏感肌 低刺激 おこもり美容 化粧品 コスメ 韓国コスメ デイリーマスク シカ 鎮静 潤いスキンケア パック シートマスク フェイスパック フェイスマスク コスメ 保湿 大容量 韓国コスメ 化粧水 自宅エステ おうち美容 vt コスメ vt シカ cica 全成分 水、グリセリン、DPG、1,2-ヘキサンジオール、カプリン酸ポリグリセリル-4、 プロパンジオール、カプリリルグリコール、ダイウイキョウ果実エキス、トレハロース、 グレープフルーツ種子エキス、ヒアルロン酸Na、アルギニン、パンテノール、 エチルヘキシルグリセリン、ツボクサエキス、マデカッソシド、マデカシン酸、 アシアチコシド、アシアチン酸、プロポリスエキス、カルボマー、キサンタンガム、 EDTA-2Na、グリチルリチン酸2K、BG、ハチミツエキス、スベリヒユエキス、 ローヤルゼリーエキス、カミツレ花エキス、フルクタン、キシリチルグルコシド、 無水キシリトール、キシリトール、グルコース、グリシン、セリン、グルタミン酸、 アスパラギン酸、ロイシン、アラニン、リシン、アルギニン、チロシン、フェニルアラニン、 トレオニン、プロリン、バリン、イソロイシン、ヒスチジン、メチオニン、システイン、 香料 広告文責 VT Cosmetics, 23, Samseong-ro 76-gil, Gangnam-gu, Seoul, Republic of Korea 827049156580 販売元 株式会社　VT Japan 注意事項 ・当店でご購入された商品は、原則として、「個人輸入」としての取り扱いになり、韓国のソウルからお客様のもとへ直送されます。 ・個人輸入される商品は、全てご注文者自身の「個人使用・個人消費」が前提となりますので、ご注文された商品を第三者へ譲渡・転売することは法律で禁止されております。 ・関税・消費税が課税される場合があります。詳細はこちらにご確認下さい。",https://item.rakuten.co.jp/vtcosmetic-official/p00000dq/,503020
4,5,【特典】Tales of ARISE PS4版(【早期購入封入特典】ダウンロードコンテンツ4種が入手できるプロダクトコード),7461,バンダイナムコエンターテインメント PS4 9月8日0時以降のご注文は、9月12日以降順次出荷予定。テイルズ オブ アライズ 発売日：2021年09月09日 予約締切日：2021年09月07日 プレーヤー人数：1人 PLJSー36173 JAN：4582528466552 ゲーム PS4 RPG アドベンチャーRPG 【早期購入封入特典】ダウンロードコンテンツ4種が入手できるプロダクトコード,https://item.rakuten.co.jp/book/16722856/,566408
5,6,31%OFF【期間限定価格】9/4 20:00 - 9/11 01:59まで！ダイソン Dyson Cyclone V10 Fluffy サイクロン式 コードレス掃除機 dyson SV12FF 2018年モデル【フロアドックセットではありません】,39800,"総合 部門 楽天デイリーランキング 第1位 期間：デイリー　更新：2021年8月31日　集計日：8月30日 ※ Dyson Cyclone V10シリーズでは、クリアビンの開閉をスムーズにするために、「タルク（滑石）」という潤滑剤がゴムパーツに塗布されています。新品開封時にクリアビン内に見える白い粉はタルクであり、製品の使用上、問題はございません。安心してご使用ください。秋のメガセール対象製品 期間限定：9/11 01:59まで 今ならSPECIALプライス 税込 39,800円",https://item.rakuten.co.jp/dyson/244396-01_c1/,565105
6,7,レノアオードリュクスアロマジュエル 香り付け専用剤 イノセントビジュの香り(520ml*6コセット)【lrm02】【ros12】【レノア オードリュクス】,6085,お店TOP＞日用品＞洗濯用品＞ニオイ対策＞洗濯用芳香剤 衣類用＞レノアオードリュクスアロマジュエル 香り付け専用剤 イノセントビジュの香り (520ml*6コセット)お一人様3セットまで。【レノアオードリュクスアロマジュエル 香り付け専用剤 イノセントビジュの香りの商品詳細】●お洗濯時にお好みの量を洗濯機に入れるだけで、洋服やリネンに12週間香りが持続※する香り付け専用ビーズです。●数多くのラグジュアリーブランドを手がけた世界的な調香師が監修したプレミアムランドリーシリーズ。●ラグジュアリーな香りで混じりけのない質の高い香り体験をお楽しみいただけます。●使い方は簡単、洗濯前に洗剤、柔軟剤と一緒に洗濯槽にいれるだけ。※保管状態で【使用方法】・お洗濯のはじめに入れるだけ。(1)キャップにジュエルを測りとります。(2)洗濯槽に直接投入！※ジュエルは、洗剤や柔軟剤の投入口には絶対に入れないでください！(3)いつも通り洗剤・柔軟剤を入れて、お洗濯してください。★縦型ドラム式・ジュエルは洗濯槽に直接入れてください！使用量の目安・・・衣料1kgに対して12mL、キャップ1杯は約85mL*最大2倍まで・上記は目安ですので、お好みの香りの強さになるように、量を調節できます。・「すすぎ1回」のお洗濯にもお使いいただけます。・溶け残る場合は、製品を良く溶かしてから、衣類を入れてください。【成分】安定化剤、香料【注意事項】・食べ物ではありません。・子供の手の届くところに置かない・認知症の方などの誤飲を防ぐため、置き場所に注意する・用途外に使用しない・高温、および直射日光などをさけて保管する・万が一、溶け残った場合は、水でよく洗い流してください。・まれに、シミなどができてしまった場合、中性洗剤などでよく洗い流してください。【応急処置説明】・万が一、飲み込んだ場合は水を飲ませる、又、目に入った場合はこすらずに水でよく洗う等応急処置をし、医師に相談する【原産国】中国【ブランド】レノア オードリュクス【発売元、製造元、輸入元又は販売元】P＆G(プロクター＆ギャンブル)※説明文は単品の内容です。商品に関するお電話でのお問合せは、下記までお願いいたします。受付時間9：15-17：00(月-金曜日、祝日・年末年始を除く)衣料用洗剤・柔軟仕上げ剤：0120-021321食器用洗剤・布製品消臭剤・置き型消臭剤：0120-118226乳幼児用紙おむつ：0120-021329ヘアケア製品：0120-021327マックスファクター化粧品：0120-021325男性用・女性用グルーミング製品：0120-113937ブラウン製品(シェーバー、オーラルケア製品、脱毛器)のお問い合わせにつきましては、下記までお願いいたします。受付時間9：00-17：30(月-金曜日、祝日・年末年始を除く) 0120-136343リニューアルに伴い、パッケージ・内容等予告なく変更する場合がございます。予めご了承ください。(LENOR EAU DE LUXE Aroma Jewel INNOCENT BIJOU)・単品JAN：4902430720700/(/F649603/)/P＆G(プロクター＆ギャンブル)651-0088 兵庫県神戸市中央区小野柄通7丁目1番18号 ※お問合せ番号は商品詳細参照広告文責：楽天グループ株式会社電話：050-5577-5043[加香剤/ブランド：レノア オードリュクス/]　,https://item.rakuten.co.jp/rakuten24/e497354h/,216834
7,8,パンパース オムツ パンツ さらさらケア(4個)【パンパース】,6380,お店TOP＞おむつ（パンツタイプ）＞おむつ・パンツタイプ＞パンパース さらさらパンツ＞パンパース オムツ パンツ さらさらケア (4個)【パンパース オムツ パンツ さらさらケアの商品詳細】●超うすさらマジック！●パンパースの「3つのマジック吸収体」で、分散して即吸収。おしっこを肌によせつけず、最長12時間お肌さらさら。●うすくなって、快適●旧製品と比べて、約12％*うすくなりました。しかも、おしっこしてもオムツがうすく快適で、一晩中ぐっすり眠れます。*使用前の製品の厚さの比較●もちろん、通気性はばっちり！全面通気のおむつでムレを逃がして赤ちゃんのお肌は快適。●やわらかコットンシート*赤ちゃんのお肌を快適に包みます。*「コットンシート」はコットンのような肌ざわりのシートです。コットンは含まれていません●のびのびストレッチ●2倍のびる のびのびストレッチ(伸ばす前との比較)●動くたびに伸び縮みして、ぴったりフィット。背中のスキマも安心。●最長12時間お肌さらさらで一晩中のゴールデンスリープ【注意事項】★使用上の注意(1)汚れた紙おむつは早くとりかえてください。(2)テープは直接お肌につけないでください。(3)誤って口に入れたり、のどにつまらせることのないよう保管場所に注意し、使用後はすぐに処理してください。・お肌に合わないときは使用を中止し、医師に相談してください。【ブランド】パンパース【発売元、製造元、輸入元又は販売元】P＆G(プロクター＆ギャンブル)商品に関するお電話でのお問合せは、下記までお願いいたします。受付時間9：15-17：00(月-金曜日、祝日・年末年始を除く)衣料用洗剤・柔軟仕上げ剤：0120-021321食器用洗剤・布製品消臭剤・置き型消臭剤：0120-118226乳幼児用紙おむつ：0120-021329ヘアケア製品：0120-021327マックスファクター化粧品：0120-021325男性用・女性用グルーミング製品：0120-113937ブラウン製品(シェーバー、オーラルケア製品、脱毛器)のお問い合わせにつきましては、下記までお願いいたします。受付時間9：00-17：30(月-金曜日、祝日・年末年始を除く) 0120-136343リニューアルに伴い、パッケージ・内容等予告なく変更する場合がございます。予めご了承ください。本商品はお届け日指定不可となっております。予めご了承ください。P＆G(プロクター＆ギャンブル)651-0088 兵庫県神戸市中央区小野柄通7丁目1番18号 ※お問合せ番号は商品詳細参照広告文責：楽天グループ株式会社電話：050-5306-1825[おむつ・パンツタイプ/ブランド：パンパース/],https://item.rakuten.co.jp/netbaby/404313/,205198
8,9,【1パックあたり198円】【送料無料】牛丼の具20パックセット すき家 牛丼の具 冷食 お弁当 おかず 惣菜 冷凍食品 【S8】,3960,【冷凍】すき家牛丼の具並盛×20パック 【商品説明】 すき家の味をご家庭で。冷凍食品のオリジナルレシピとして開発しました。『すき家秘伝のタレ』が引き出す、絶妙な美味しさをご家庭で味わいください！独自の製法でできたてをそのまま急速凍結。美味しさを逃しません。★レンジでチンのお手軽調理♪いろいろな料理のトッピングにも◎。すき家牛丼の具で、オリジナル牛丼を探してみてはいかがでしょうか？ お届けは【1箱：20パック】から【2箱：合計20パック】になる場合がございます。 商品情報 名称 牛丼の具 原材料名 牛肉（アメリカ産）、たまねぎ、ワイン、しょうゆ、味付け調味料、野菜エキス調味料、果汁（りんご、パイナップル）、香辛料、砂糖、食塩/調味料（アミノ酸等）、（一部に小麦・牛肉・大豆・りんご・ゼラチンを含む） 内容量 1パックあたり135グラム 賞味期限 製造日より1年 ※出荷時点での賞味期限は異なります。(別途商品パッケージに記載) 保存方法 −18℃以下で保存してください。 原産地 アメリカ(牛肉) 販売者情報 【会社名】株式会社トロナジャパン 【住所】東京都港区港南2-18-1 アレルゲン 小麦、牛肉、大豆、りんご、ゼラチン 栄養成分 牛丼の具1袋（135g）あたり エネルギー 229kcal、たんぱく質 12.0g、脂質 16.8g、炭水化物 7.5g、食塩相当量 2.3g 調理方法 [電子レンジ]500W：約4分、600W:約3分30秒 [湯せん]約6分 ※詳しくは商品パッケージに記載の調理方法をご覧ください。 その他注意事項 加熱後はお早めにお召し上がりください。1度解凍したものは再凍結を行わないでください。 ※1 商品の改訂等により、商品パッケージの記載内容が異なる場合があります。ご購入、お召し上がりの際は、必ずお持ちの商品の表示をご確認ください。 ※2 牛肉のスジ（白いゴム状のもの）が入っている場合がありますが、品質に問題はございません。 ご注文前に必ずお読みいただき同意の上、お申込みください。 当社の【1】プライバシーポリシー 【2】当社の販売について 【3】ご注文に関しての注意事項 】をご確認ください。 納品書・領収書について 納品書・領収書は、商品に同梱しておりません。詳細についてはこちら,https://item.rakuten.co.jp/zensho/1115343/,566683
9,10,2021年8月18日発売 IQOS ILUMA Primeキット 最新モデル 新型 【製品登録済み】イルマプライム国内正規品 新品・未開封・登録済み アイコス イルマ プライム 電子タバコ 電子たばこ 加熱式タバコ 禁煙グッズ おしゃれ シンプル ブロンズトープ グリーン ブラック ゴールド,15900,"IQOS（アイコス）の常識を覆す。革新的なデバイスが誕生。 最大の特徴は、従来のIQOSデバイス内に設けられていた加熱用ブレードを完全に取り除いたこと。ブレードのない新構造なので、ブレード破損の心配がなく、使用後の面倒なクリーニングも不要。よりシンプルに、より快適な使い心地を実現しました。 加熱式は新次元へ。 革新的な最新技術によって誕生した「IQOS イルマ」。加熱式たばこを新次元へと進化させる最先端技術「スマートコア・インダクション・システム™」を搭載。 「スマートコア・インダクション・システム™」は、ブレードをなくした最先端のテクノロジー。ブレードをなくしたことにより、使用後のホルダーのクリーニングやブレード破損の心配も不要に。よりシンプルで快適な使い心地を実現。 さらにIQOS イルマには、専用たばこスティックを入れるだけで自動的に加熱が始まる「オートスタート」機能や、使用中にスティックが動いてしまった場合、あるいはホルダーから取り出された場合に自動停止する「オートストップ」機能、使用していないときにホルダーを手前に傾けて残り使用回数を確認できる「スマートジェスチャー・リフトアップ」機能、使用中にホルダーを軽く叩くと残り使用時間が通知される「スマートジェスチャー・ダブルタップ」機能が搭載されています。 2本連続使用が可能。また自動的に加熱を開始するオートスタート機能も備わっています。 ※ オートスタート機能が失われても、製品自体の性能には影響を及ぼしません（保証対象外）。 『商品名』 IQOS ILUMA Primeキット（国内正規品、新品・未開封・登録済み）4色から選べます。 『注意事項』 ●IQOSイルマは、専用たばこスティックでのみ使用するように設計されています。 ※8月18日よりアイコスストアまたはオンラインショップでお買い求めください。 ※9月2日よりコンビニでも販売されます。 ※当店では専用たばこスティックの販売はしておりません。 ●製品は登録済みです。お客様にてご登録できない商品になります。ご了承のうえ、ご購入くださいませ。 ●お客様の都合よるキャンセル出来ませんので、説明文章をよく読んで頂き、ご購入くださいませ。 ●初期不良などの不具合が生じましても当店では修理や交換などの補償は受付できません ●沖縄・離島・一部地域は別途追加送料（1,000円）になります。ご理解のほど、お願い申し上げます。 上記の事をご理解頂ける方のご購入をお待ち致しております。",https://item.rakuten.co.jp/yinai/100000051/,567503
10,11,ザバス ホエイプロテイン100 ココア(1.05kg)【sav03】【2shdrk】【ザバス(SAVAS)】,3980,お店TOP＞ザバス ホエイプロテイン100 ココア (1.05kg)お一人様1個まで。【ザバス ホエイプロテイン100 ココアの商品詳細】●理想的なカラダづくりに取り組む方のために、体内での利用効率の高いホエイプロテインを使用●カラダづくりに必要なビタミン配合●おいしく溶けやすい！●約50食分(1食分21g*50)●ココア味【召し上がり方】・水または牛乳200mlに付属のスプーン3杯(約21g)を溶かす。目安：1日2回※水または牛乳に溶かした後は、速やかにお飲みください。※溶かす量は、お好みに応じて調整して下さい。・プロテインシェイカーは別売りです。【品名・名称】プロテインパウダー(粉末たんぱく食品)【ザバス ホエイプロテイン100 ココアの原材料】乳清たんぱく、ココアパウダー、植物油脂、デキストリン、食塩／乳化剤、香料、V.C、増粘剤(プルラン)、甘味料(スクラロース、アセスルファムK)、V.B2、V.B6、V.B1、ナイアシン、V.D、(一部に乳成分、大豆を含む)【栄養成分】(1食分(21g)当たり)エネルギー：83kcal、たんぱく質：15.0g、脂質：1.4g、炭水化物：2.5g、食塩相当量：0.14-0.43g、ナイアシン：3.6mg-9.9mg、ビタミンB1：0.50mg、ビタミンB2：0.57mg、ビタミンB6：0.42mg、ビタミンC：32mg、ビタミンD：9.1μg・タンパク含量75％(製品無水物あたり)・アミノ酸スコア100【アレルギー物質】乳成分、大豆【保存方法】直射日光及び高温多湿の場所を避けて保存してください。【注意事項】・あけくちや袋のはしで手を切るなどのケガをしないようご注意ください。・お湯または温かい牛乳をシェイカーに入れてシェイクしないでください。水蒸気や内容液が吹き出し、やけどの原因になります。・体質や健康状態によっては身体に合わないことがあります。その場合は摂取を中止し、医師や専門家にご相談ください。・開封後はホコリや髪の毛が入らないようチャックをしっかりとしめ、温度や湿度の高い場所を避けて保管し、なるべく早めにお召し上がりください。・濡れたスプーンを袋の中に入れないでください。・製品中に色の黒い粒が見えることがあります、これは原材料の一部で品質には問題ありません。【原産国】日本【ブランド】ザバス(SAVAS)【発売元、製造元、輸入元又は販売元】明治商品に関するお問い合わせは、下記までお願いいたします。受付時間：9：00-17：00(土日祝、年末年始除く)おかし：0120-041-082一般食品：0120-370-369ベビー：0120-358-369栄養食品・流動食(メイバランス他)：0120-201-369スポーツ(ヴァーム他)・美容・健康：0120-858-660リニューアルに伴い、パッケージ・内容等予告なく変更する場合がございます。予めご了承ください。(SAVAS ザヴァス ホエープロテイン100 ココア味 1050g 　プロテイン ザバス)/(/F277003/F237102/F213106/F213106/)/明治東京都中央区京橋2-2-1 ※お問合せ番号は商品詳細参照広告文責：楽天グループ株式会社電話：050-5306-1825[プロテイン/ブランド：ザバス(SAVAS)/]&nbsp;,https://item.rakuten.co.jp/soukaidrink/4902777323176/,567617
11,12,ケノン 脱毛器 ランキング3198日1位※レビュ-14万件【公式 最新バージョン】日本製 美顔器 フラッシュ 家庭用 ムダ毛の処理 女性 ヒゲ ボディ メンズ kenon 永久に剃刀は嫌 口コミ アンダーヘア レーザー 髭 フェイス 脱毛 器1位 光 光美容器※詳細はペ-ジ内※7,69800,2020/9/30現在、すでに日本国内だけで驚きの受注数90万台を突破！ ▼ケノンの実績を一部ご紹介(脱毛きランキングの実績)▼ 楽天市場 デイリーランキング第1位 獲得 脱毛器 部門　2021/1/3集計分　2021/1/4発表分 楽天市場 デイリーランキング第1位 獲得 脱毛器 部門　2021/1/2集計分　2021/1/3発表分 楽天市場 デイリーランキング第1位 獲得 脱毛器 部門　2021/1/1集計分　2020/1/2発表分 楽天市場 デイリーランキング第1位 獲得 脱毛器 部門　2020/12/29集計分　2020/12/30発表分 楽天市場 デイリーランキング第1位 獲得 脱毛器 部門　2020/12/28集計分　2020/12/29発表分 楽天市場 デイリーランキング第1位 獲得 脱毛器 部門　2020/12/27集計分　2020/12/28発表分 楽天市場 デイリーランキング第1位 獲得 脱毛器 部門　2020/12/26集計分　2020/12/27発表分 楽天市場 デイリーランキング第1位 獲得 脱毛器 部門　2020/12/24集計分　2020/12/25発表分 楽天市場 デイリーランキング第1位 獲得 脱毛器 部門　2020/12/23集計分　2020/12/24発表分 楽天市場 デイリーランキング第1位 獲得 脱毛器 部門　2020/12/22集計分　2020/12/23発表分 楽天市場 デイリーランキング第1位 獲得 脱毛器 部門　2020/12/21集計分　2020/12/22発表分 楽天市場 デイリーランキング第1位 獲得 脱毛器 部門　2020/12/19集計分　2020/12/20発表分 楽天市場 デイリーランキング第1位 獲得 脱毛器 部門　2020/12/18集計分　2020/12/19発表分 楽天市場 デイリーランキング第1位 獲得 脱毛器 部門　2020/12/17集計分　2020/12/18発表分 楽天市場 デイリーランキング第1位 獲得 脱毛器 部門　2020/12/16集計分　2020/12/17発表分 楽天市場週間フラッシュ脱毛器ランキング1位　2020/6/10更新 (集計期間：2020/6/1〜2020/6/7) emsマシンはケノンと同時注文限定でお安く購入が出来ます。 こちらの商品ページで販売しているケノンには、 ケノン スーパープレミアム カートリッジが標準で装着されています。 付属品でサングラスが付いています。 エムロック KE-NON（ケノン） ケノンは　業務用　にご利用をいただけません。光美容器 vi 受取の際、宅配ボックスを希望の方は、 ご注文時の備考欄に「宅配ボックス希望」と記載して下さい。 メーカー希望小売価格はメーカーサイトに基づいて掲載しています ■特定商取引法に基づく表記を必ずお読み下さい よくあるご質問 Q.どのくらいの頻度で使用すればよいでしょうか？ A.同じ個所へ照射する場合は、1週間程の期間を空けてご利用ください。最低4〜5回は繰り返していただき、5回目以降はお肌の様子を見ながらご利用ください。 ケノンは全国送料無料です。 ▼ケノンと同時注文できる商品(一部)▼ ・電動フェイスシェーバー(トリマー) ・電動ボディシェーバー(水洗いできる) ・電動鼻毛カッター ・電動背中用シェーバー(トリマー) ・EMSマシン ・アンダースタイルガイド 男性用、女性用にもなります。 ・カップル お揃い プレゼント ・退職　プチギフト ・おもしろ プレゼント ・還暦祝い ・誕生日プレゼント ・バレンタイン プレゼント ・ホワイトデー お返し ・母の日 ・父の日 ・クリスマスプレゼント ・敬老の日プレゼント ・就職祝い ・成人祝い ・ギフト ・退職祝い でご注文される方が増えています。 ケノンのスキンケアカートリッジを気になる毛穴に使用される方がいます。 ケノンのカートリッジの　ケア　方法。▼ ケノンはカートリッジの照射面が汚れます。 この為、無水エタノールを布巾に垂らして、カートリッジの照射部分を拭いてください。 こちらがケノンのメーカーが推奨している　ケア　方法です。 現在、外出が難しい時期で、気持ちが　たるみ　やすいです。 多くの方が気持ちの　たるみ　やすい時期に賢い方は処理をしています。 顔用　にもなります。 使い方は簡単です。 年配の方でもケノンの使い方は簡単だったとお喜び頂いています。ケノン 公式ショップ株式会社エムロック楽天市場店 ケノン は 口コミ も抜群！だから選ばれています。ケノン 髭 への使用も可能！美顔器としても大人気のケノンは家族で使う方からも皆で使えると大好評です。最大100万発照射可能なプレミアムカートリッジは、家族全員で使用していても相当持ちます。ケノンはコスパもいいんです！上からヒゲ、胸毛、腕毛、腹毛（ギャランドゥ）、Vライン、足毛、指毛、ほぼ全ての箇所に利用可能です。ケノンは、ムダ毛処理が大変、という女性の味方です！口周りの産毛（うぶ毛）にも使えます。 クリスマス時の肌魅せにもケノンが役に立ちます♪ フラッシュ 光 ケノン は エステから乗り換える人も多く、中にはエステシャンがケノンを購入しているというケースも少なくありません。エステシャンのような美容のプロの方でも使われているレビューもあり、エステに行っていた人もケノンを選んでいます。年々ケノンも2012年からの販売開始以降、進化を繰り返しています。 ケノンはビキニライン、アンダーヘアを処理できます。 除毛器 商品ページ内にある感想は個人の感想であり、 感じ方に個人差があります。 商品の　効果　効能　を謳う物ではありません。 エムロック KE-NON（ケノン）光美容器 顔用　にもなります。 セルフ 処理が出来ます。 ケノンは　ipl　です。 剛毛　な方もご利用されています。 ケノンは　業務用　にご利用をいただけません。 男 性に大人気ボディ にも使えます。 ケノンのスキンケアカートリッジを気になる毛穴に使用される方がいます。 ケノンのカートリッジの　ケア　方法。▼ ケノンはカートリッジの照射面が汚れます。 この為、無水エタノールを布巾に垂らして、カートリッジの照射部分を拭いてください。 こちらがケノンのメーカーが推奨している　ケア　方法です。 現在、外出が難しい時期で、気持ちが　たるみ　やすいです。 多くの方が気持ちの　たるみ　やすい時期に賢い方は処理をしています。 美容 家電、美容 器具のケノンでホームケアをされる方が多いです。 ケノンでおこもり 美容をされる方が多いです。,https://item.rakuten.co.jp/mrock/ke-non/,562674
12,13,THE NORTH FACE BABY COMPACT CARRIER(ザ・ノース・フェイス ベイビーコンパクトキャリアー)ブラック【キッズ キャリア】21FW-I,24200,「Baby Compact Carrier」は、「THE NORTH FACE」では初めてとなる抱っこ紐です。首と腰がすわり外に連れ出せるようになった1歳から3歳くらいの子どもへの使用を想定した軽量、コンパクトな仕様となっており、屋外活動の際におんぶ、抱っこの両方で身体に沿って子どもをホールドすることができます。登山用バックパックの開発なども行うゴールドウインの研究開発施設「ゴールドウイン テック・ラボ」の知見を活かし、荷重の負担を分散させ軽減させるハーネス形状、スライド可能なブリッジベルト、通気性を考慮したメッシュ構造などの機能を採用しており、より多くの日本人の肩形状にフィットしやすい設計を追求しました。また、ハーネスの形状や伸び感の違いによる荷重分散性にこだわった設計も特長です。付属しているスタッフサック（収納袋）は、洗濯用のネットとして使用することもでき、汚れやすい抱っこ紐を衛生的に保つためのケアへの工夫がされています。抱っこ紐に重要な安全性に関しても、SG基準認定の国内工場との開発によりSGマークを取得しており、それに沿ってショルダー部分のパターン、角度、厚みなどを日本人の男女ともに使いやすい設計を実現するために3年の期間を要しました。また、「Baby Compact Carrier」は、「THE NORTH FACE」のブランケット「Baby Shell Blanket」（別売）をショルダーのデイジーチェーンに通して簡単に取り付けることができます。【素材】75Dポリエステルタフタ【重量】約370g※首と腰がすわり外に連れ出せるようになった1歳から3歳くらいの子どもへの使用を想定しています。Free delivery is only applicable for orders delivered to address in Japan.,https://item.rakuten.co.jp/atmos-tokyo/nmb82150-k/,500988
13,14,【最大P24.5倍 ★楽天総合1位獲得★TV・雑誌で紹介★月間MVP受賞★WAVEWAVE Release SPA】 電動頭皮ブラシ ヘッドスパ 御祝 実用的 自宅 頭皮ケア 防水 健康グッズ プレゼント 健康器具 軽量 誕生日 ギフト 癒し 頭皮エステ 頭皮 リラックス 敬老の日 孫,10680,注意事項 危険な事柄について ※本製品は、抜け毛、薄毛、たるみ、肩こり などの治療を目的とした医療機器ではございません。 頭皮の地肌ケアを目的とした一般家庭用機器です。 ※本製品は、治療を目的とした ヘッドマッサージ器、 ヘッドマッサージャー、ヘッドマッサージ機、頭皮マッサージ器 ではありません。 ※医師から、 マッサージ機 の使用を禁じられている方は、ご使用をお控えください。 ※他のマッサージ機器との併用はお控えください。 ※充電台、USBコードは防水仕様ではないため、水に濡らさないようにご注意ください。 ※ヘッドスパ本体、アタッチメントは、完全に乾いてから充電を行ってください。 ※下記のような方は使用しないでください。肌や身体のトラブル、事故の原因になります。 ●医師から マッサージ、頭皮マッサージ、ヘッドマッサージを禁じられている方 ●以前に マッサージ器 、マッサージャー を使用した際に体調を崩したことがある方 ●肌が敏感でアレルギー体質の方 ●アトピー性皮膚炎、脂漏性皮膚炎、湿疹など頭皮に皮膚疾患がある方 ●シリコン製品などで皮膚にトラブルや障害をおこしたことがある方 ●急性疾患の方、悪性腫瘍のある方 ●感染症疾患のある方 ●意思表示のできない方・麻痺および知覚障害の方 ●洗髪などにより頭皮にトラブルをおこしたことがある方 ●出血性疾患、血友病疾患などの血液異常の方 ●高血圧の方 ●眼の病気を罹患し、治療歴のある方 ●妊娠中、生理中の方（ホルモンバランスが不安定の場合、肌トラブルの原因となります） ●薬（抗凝固剤等、血液が固まりにくくなる成分を含んだ薬）を服用中の方 ●飲酒後や疲労の激しい場合 ●乳幼児には使用せず、また使用させないよう願います。ペットにも使用させないでください。 警告 ※ご使用前に、必ず取扱説明書をご確認のうえ、安全にご使用ください。 ※体調が悪い場合やお肌に問題がある場合は、使用しないでください。 ※ご使用中に、体調の問題が発生した場合、直ちに使用を中止してください。 ※充電される際は、本体および充電台の水気をお拭き取りください。 充電コードをしっかり最後まで差し込まないと、充電することが出来ません。はめ込む際に「カチッ」と音がするまで奥に入れてお使いください。 問題が解消されない場合は、お手数ですがカスタマーサポートまでご連絡くださいますようお願い申し上げます。 検索関連キーワード（※本製品の説明ではありません） wavewave WAVEWAVE ウェブウェブ HEAD SPA HEADSPA HEAD SPA ヘッドスパ ヘッド スパ 頭 頭皮洗浄 クレンジング 頭皮クレンジング 頭皮ケア 頭皮マッサージ ヘッドマッサージ マッサージ ベッド ヘッドマッサージャー マッサージ マッサージ器 マッサージ器 マッサージ機 セルライト マッサージ器 電動マッサージ器 お返し 父の日プレゼント 父の日 父の日早割 父の日ギフト 父の日プレゼント 父の日実用的 父の日ギフト花以外 送料無料 おすすめ 洗髪 髪 頭皮 肌 頭髪 ケア ヘアケア 洗髪 シャンプー ヘッドスパ シャンプー 頭皮 ケア 頭皮臭い 頭皮 臭い 家電 ヘッドスパ 家電 美容 美容家電 美容器具 電動 グッズ 家電 自宅 ヘッドスパ 自宅 機械 ヘッドスパ 機械 スタイリング 頭皮クレンジング クレンジング 防水 自動 充電 コードレス 充電式 皮脂 皮脂よごれ 柔軟 汚れ エステ エステティシャン ハンドテクニック 癒し 地肌 スッキリ リフト スカルプ 頭皮 臭い ブラシ ヘッドスパ ブラシ ヘッドスパブラシ 電動 頭皮ブラシ 頭皮 ブラシ フィンガー ヘッドスパ フィンガー ヘアケア プレゼント 女性 プレゼント 男性 プレゼント 日用品 健康 メンズ レディース 女 女性 男 男性 男女 肩 首 母の日 父の日 敬老の日プレゼント 敬老の日 ギフト バレンタイン ホワイトデー クリスマス プレゼント グッズ 贈り物 ギフト 人気 リラックス リラクゼーション 癒し バレンタインデー チョコ以外 ホワイトデー&nbsp;,https://item.rakuten.co.jp/wavewave/wave002-3/,208527
14,15,【期間限定12000円→5999円！さらに選べる9種のおまけ】新牛めしの具(プレミアム仕様)30食セット【牛丼の具】時短 レンチン 単身赴任 牛丼 牛めし 松屋冷凍食品 冷凍 おかず セット 冷食 お惣菜 牛丼 肉,5999,メーカー希望小売価格はメーカーサイトに基づいて掲載しています 牛めしの具（プレミアム仕様）【レンジ】500wで3分20秒／600Wで3分　【湯煎】凍ったままの商品を沸騰した湯に入れ5分マイナス18度以下の冷凍保管製造年月日から冷凍保管で1年牛肉（アメリカ産）、たまねぎ（国産）、醤油（小麦・大豆を含む）、白ワイン、砂糖、食塩、たまねぎエキス、ねぎエキス、酵母エキス、植物たん白加水分解物（小麦を含む）／酒精、着色料（カラメルI）、ph調整剤、香辛料抽出物135gエネルギー230kcal、たんぱく質11．3g、脂質15．7g、炭水化物9．5g、食塩相当量2．1g）縦17cm×横13cm×厚み約1cm【参考ワード】 冷凍食品 保存食 業務用冷凍食品 冷凍食品 おかず 訳あり 冷凍食品 セット 冷凍食品 野菜 一人暮らし 時短 冷食 時短 調理 おかず セット おかず セット 冷凍 ご飯のお供 非常食 非常食 惣菜 お惣菜 冷凍 おかず コロナ 応援 肉 訳あり 在庫処分 支援 福袋 牛めしの具（プレミアム仕様）備考米国産牛めしの具【レンジ】500wで3分20秒／600Wで3分　【湯煎】凍ったままの商品を沸騰した湯に入れ5分マイナス18度以下の冷凍保管製造年月日から冷凍保管で1年牛肉（アメリカ産）、たまねぎ（国産）、醤油（小麦・大豆を含む）、白ワイン、砂糖、食塩、たまねぎエキス、ねぎエキス、酵母エキス、植物たん白加水分解物（小麦を含む）／酒精、着色料（カラメルI）、ph調整剤、香辛料抽出物135gエネルギー230kcal、たんぱく質11．3g、脂質15．7g、炭水化物9．5g、食塩相当量2．1g）縦17cm×横13cm×厚み約1cm&#9656;&#9656;ゲリラセールや&#9666;&#9666;ここだけのお得情報も！&#9656;&#9656;メルマガ登録&#9666;&#9666; &#9656;&#9656;セール開始や&#9666;&#9666;ポイント UPをお知らせ！&#9656;&#9656;お気に入り登録&#9666;&#9666; 【 関連 ワード 】 お取り寄せグルメ お取り寄せ 送料無料 絶品 お試し 送料無料 ポイント消化 時短 冷凍 肉 冷凍食品業務用 一人暮らし おかず 惣菜 レンジ レンチン 簡単調理 誕生日 父 夫 子供 単身赴任 業務用 お弁当 牛丼 牛丼の具 冷凍 松屋 牛めし 牛めしの具 丼 レトルト ではなく 冷凍 30食,https://item.rakuten.co.jp/matsuya/us30/,566683
15,16,【スーパーセール】「楽天1位」「2021最新型」ワイヤレスイヤホン Bluetooth5.2 ENCノイズキャンセリンク bluetooth イヤホン ワイヤレス 瞬間接続 Hi-Fi高音質 低遅延 左右分離型 マイク付き 軽型 ブルートゥース イヤホン 片耳 両耳通話 IPX7防水 iPhone/Android適用,3480,商品名 ワイヤレスイヤホンG16 仕様 適合規格：Bluetooth Ver5.2 通信距離：最大約20〜30m（使用環境によって異なります） コーデック対応：AAC、SBC バッテリー容量：500mAh（充電ケース） 充電時間:最大約1.5時間 連続使用時間：通話時/最大約6時間 音楽再生時間：最大約8時間 防水レベル：IPX7 サイズ イヤホン本体：約34.6*24.7*21.6mm 充電ケース：　約63*48*26mm 質量 イヤホン本体：約4.0g（片方） 充電ケース：　約51.4g 仕様 1.【高音質低遅延Bluetooth Ver5.2】通信規格にBluetooth 5.2を採用したことで、音飛びを極限まで抑え、より広く、より早く、より低消費電力、より安定でシームレスな接続を実現しました。動画視聴の際の映像と音声のずれも旧モデルから大幅に低減させ、スムーズなゲーミング＆動画視聴体験が可能に。 2.【ノイズをカットしてクリアに通話】ENCノイズキャンセリング（Environment Noise Cancellation）を通じて周囲の様々な雑音を除去することができます。街の喧噪、風の音などなどの騒音/環境音を90%以上除去します。*ノイズ低減は、感じ方に個人差が生じる可能性がございます。 3.【奥行きのある豊かな音】「Ginova G16」は、大口径13mmダイナミック型ドライバーユニットを搭載し、ディテールの美しさにもこだわり、奥行き感のある豊かな音を再現。すべての音源をそのままの美しい音で聞けるように慎重に調整され、透き通った高音域と正確に調律された没入感の溢れるサウンドを生み出します。 4.【8時間連続再生の安心感】高性能バッテリーとBluetooth5.2の低消費電力により、イヤホンはフル充電状態で最大8時間の連続再生が可能。通勤通学はもちろん、飛行機や新幹線等の長距離移動でも途中で電源が切れることなく安心して使用できます。 5.【LDSアンテナ＆瞬間接続】Bluetooth接続の途切れや音飛びを抑えるため、LDSアンテナ技術（イヤホン自体をアンテナにしてしまった）を採用されました。さらに、ホールセンサー技術を使って、充電ケースの蓋を開くだけでデバイスと自動接続され、接続の手間をさらに短縮。*初回使用時はペアリングが必要です。 対応機種 iPhone： iphone12/iphone12 pro/iphone12 pro maxi/iphone11/iphone11 pro/iphone11 pro maxi/Phone X/XS /iPhone XS Max /iPhone XR / iPhone8 / iPhone8 plus /iphone 7 / 7 plus /6/ 6s / 6s 6plus /se/ 5s / 5 / 5c&#160; Samsung： Galaxy S20 /Galaxy S10 /Galaxy S9 /Galaxy S8 / S8 Plus / Note 5 / note 8 / Galaxy S6 / S6Edge / S6 Edge Plus / S7 / S7 Edge Sony：Xperia XZ2/Xperia XZ1/Xperia XZs/Xperia XZ/Xperia Z5/ Xperia Z4/ Xperia Z3 AQUOS:AQUOS R/AQUOS R2/AQUOS sense/AQUOS R compact Huawei:Huawei P20/Huawei P20 Pro/Huawei P20 lite/Huawei Mate10 Pro/Huawei Mate10 lite/Huawei P10/Huawei P10 lite/Huawei P10 Plus /Huawei nova/Huawei nova2/Huawei nova lite/Huawei nova lite2/Huawei mate 9/Huawei honor 9/Huawei honor 8/Huawei P9 lite Kyocera：TORQUE G01 / TORQUE G02 / URBANO L03 Panasonic：Eluga X P-02E / Panasonic QE-PL202 / Panasonic QE-PL302 / QE-CV201SHARP：SH-07D、SH-04D、SH-02D、SH-13C、SH-09D、SH-04E、SH-06E、SH-05D富士通：F-03D、F-09D、F-03D Girls'、 F-10D、F-03EHTC : 8X (Version Wireless) / Droid DNA (Version Wireless) / Rezound / Incredible 4G LTE Nokia：Lumia 920 / 928 / 1520 Motorola：Moto 360 Smart Watch / Moto Droid Maxx /Droid MiniGoogle：Nexus 4 / Nexus 5 / Nexus 6LG：Optimus Vu2 / G2 / G3 PC: Windows10/Windows8.1/Windows8/Windows7搭載PC MacOS搭載Macintoshなど 他のAndroid機種でも対応可能です。 関連キーワード 　　　　　イヤホン ワイヤレス ワイヤレス イヤホン&#160;ワイヤレスイヤホン bluetoothイヤホン ブルートゥース ヘッドセット マイク付き マイク内蔵 片耳 両耳 左右分離型 対応 ワイヤレスイヤホン 高音質 重低音 音楽 長時間 通話可 イヤホンマイク 完全ワイヤレスイヤホン ノイズキャンセリング コンパクト ランニング ソニー対応 アップル対応 多機種対応 2021 セール ホワイトデー 父の日 母の日 敬老の日 恋人 子供 キッズ プレゼント ギフト 成人の日 成人式 バレンタイン バレンタインデー ホワイトデー 卒業式 入学式 クリスマス Xmas 誕生日 還暦祝い お祝い 御中元 お中元 合格 ギフト プレゼント 母の日ギフト 父の日ギフト 注意事項 撮影の為、画質等の関係上、色などが実際の商品と若干違ってしまうこともあるかもしれませんがご理解のほどご購入ください。予めご了承ください。 更新のタイミングによっては実在庫に相違が出る場合がございます。 同型番や同デザインについて、入荷時期により形状・仕様・パッケージが異なる場合がございます。 万が一在庫切れや入荷待ちとなる場合は別途メールにてご連絡いたします。 メーカー希望小売価格はメーカーサイトに基づいて掲載しています,https://item.rakuten.co.jp/skyudirect/ejg16/,502835
16,17,フレア フレグランス IROKA 柔軟剤 ネイキッドリリーの香り 詰め替え 大サイズ(710ml*5袋セット)【フレアフレグランスIROKA】,5500,お店TOP＞日用品＞洗濯用品＞柔軟剤＞柔軟剤 詰替用＞フレア フレグランス IROKA 柔軟剤 ネイキッドリリーの香り 詰め替え 大サイズ (710ml*5袋セット)お一人様5セットまで。【フレア フレグランス IROKA 柔軟剤 ネイキッドリリーの香り 詰め替え 大サイズの商品詳細】●センシュアルな美、香りたつ プレミアム柔軟剤。●清潔感がありながら、強い余韻を残す「ピュアムスク*1」と香水には欠かせない「アンバー」を贅沢に使用し*2、上質でセンシュアルに仕上げました。*1 天然ムスク香気の主成分と同構造のL-Muscone *2 花王柔軟剤内での比較●まるで素肌からたちこめるように香り、一日中続きます。●透明感のあるやわらかなネイキッドリリーの香りさわやかなウォータリーグリーンにリリー、マグノリアの花々を重ねた、透明感のあるやわらかな香り。※リニューアルがありました。(旧商品名：フレア フレグランス IROKA 柔軟剤 Naked エアリーリリーの香り つめかえ 大サイズ)旧パッケージ商品のお届けとなる場合がございます。予めご了承ください。【使用方法】使用量の目安：衣料1kgに7mL＜ボトルへのつめかえ方＞・必ず「フレア フレグランス イロカ(ネイキッドリリーの香り)」のボトルにつめかえる。他の柔軟剤と混ぜない。液が濁ったり、固まって使えなくなることがある。・開封着はできるだけ早く使い切る。・パックを強く持つと、液が飛び出ることがあるので注意する。【成分】界面活性剤(エステル型ジアルキルアンモニウム塩、ポリオキシエチレンアルキルエーテル)、安定化剤、香料【規格概要】品名：柔軟仕上げ剤用途：衣料品用(綿・毛・絹・化学繊維)使用量の目安：衣料1kgに7mL※香りの好み・強さの感じ方には個人差があります。使用量の目安を参考に、まわりの方にご配慮のうえ、お使いください。【注意事項】＜使用上の注意＞・用途外に使わない。・子供の手の届く所に置かない。・認知症の方などの誤飲を防ぐため、置き場所に注意する。・洗たく機のフタなどのプラスチック部分に原液がついた時はすぐに水でふきとる。放置すると傷むことがある。・原液が直接衣類にかからないようにする。・使用の時は、液が目に入らないように注意する。・柔軟仕上げ剤の自動投入口を使う場合は、洗たく機の取り扱い説明書に従う。・高温や低温、直射日光をさけて、保管する。※保管条件により色味が若干変化することがありますが、性能に問題はありません。・天然生まれの柔軟成分を配合。購入後はお早めにお使いください。・飲み物はありません。＜応急処置＞・目に入った時は、こすらずすぐ流水で15分以上洗い流し、必ず眼科医に受診する。・飲み込んだ時は、吐かずに口をすすぎ、水を飲む等の処置をする。異常が残る場合は医師に相談する。・原液が皮ふについた時は、水で洗い流す。【原産国】日本【ブランド】フレアフレグランスIROKA【発売元、製造元、輸入元又は販売元】花王※説明文は単品の内容です。商品に関するお問合せ受付時間9：00〜12：00／13：00〜16：00(土曜・日曜・祝日除く)*製品の誤飲・誤食など緊急の場合は、受付時間外でもお電話くださいヘアケア・スキンケア用品：0120-165-692男性化粧品(サクセス)：0120-165-694ニベア・8*4：0120-165-699ソフィーナ・エスト：0120-165-691キュレル：0120-165-698洗たく用洗剤・仕上げ剤・そうじ用品・食器用洗剤：0120-165-693ハミガキ・洗口液・入浴剤・温熱シート：0120-165-696紙おむつ・生理用品・サニーナ：0120-165-695飲料(ヘルシア)：0120-165-697Sonae(そなえ)：0120-824-450リニューアルに伴い、パッケージ・内容等予告なく変更する場合がございます。予めご了承ください。・単品JAN：4901301363121花王103-8210 東京都中央区日本橋茅場町1-14-10 ※お問合せ番号は商品詳細参照広告文責：楽天グループ株式会社電話：050-5577-5043[柔軟剤/ブランド：フレアフレグランスIROKA/],https://item.rakuten.co.jp/rakuten24/94251/,559647
17,18,"【クーポンで半額1,390円】洗顔料 洗顔フォーム 炭酸洗顔 炭酸美容 炭酸パック 洗顔石けん 泡洗顔 ランキング1位 せっけん 石けん 石鹸 クレイ 泡 毛穴ケア パック しっとり 炭酸 ルイール 楽天スーパーSALE [プリュ（PLuS）カーボニック クリーニング パック (150g)] [通]",2780,"メーカー希望小売価格はメーカーカタログに基づいて掲載しています 【炭酸もっちり泡洗顔パック】 沖縄産クレイと炭酸を配合したクセになる濃密泡。 毛穴の黒ずみ・クスミ・乾燥などの原因を洗顔で解決！しっとり潤うスッピン肌へ。 ワンプッシュで出来るもっちもちの炭酸泡で、1分間パックするだけのカンタン仕様。 《POINT1：炭酸泡パックと洗顔の2つを同時に》 汚れを落としてしっとり素肌に。気になる毛穴もスッキリきれいに 《POINT2：炭酸とクレイのWパワー》 黒ずみ 古い角質 を落とし肌もトーンアップ 《POINT3：しっとり キメ肌をつくる7種の美容成分》 アボカドオイル EGF コラーゲン ローヤルゼリー アーチチョーク葉エキス リンゴ果実エキス プルーン 《POINT4：5つのフリー》 鉱物油 合成香料 着色料 紫外線吸収剤 不使用。ノンシリコン。 ▼関連ワード スキンケア 洗顔 洗顔料 石けん 洗顔石けん 石鹸 パック 黒ずみくすみ ハリ クレイ しっとり 炭酸美容 レディース メンズ コスメ ランキング おすすめ ルイール コン美ニエンスショップ利用期間：9月7日 10:00 ～ 9月11日 09:59 ■ 商品名 PLuS ／プリュ カーボニック クリーニングパック ■ 内容量 150g ■ パッケージサイズ (約)45×45×200(mm) ■ 全成分 ■ ご使用上の注意 ■ 使用期限 詳細はコチラ ■ 販売元 スタイルクリエイト株式会社　0800-111-9111 ■ 区分／広告文責 化粧品／スタイルクリエイト株式会社　0800-111-9111 ■ 製造国 日本 ■北海道・沖縄への配送について こちらの商品は、お届け先が北海道・沖縄・離島等の場合、航空法により空輸便が不可となりますため、「船便」によるお届けとなります。 天候や交通事情によっては、お届けが大幅に遅れる場合がございますので、予めご理解のほど、よろしくお願い致します。 ■海外発送について 他社の転送サービスを利用されても、航空便搭載不可商品（スプレー缶類）のため配送はできません。 Even if you use transfer service of another company, this item can not be delivered because it is an item that can not be carried by air cargo.",https://item.rakuten.co.jp/luire/pscp11000/,100627
18,19,【処方箋不要】 【送料無料】 メダリストワンデープラス 90枚パック 2箱セット ( コンタクトレンズ コンタクト 1日使い捨て ワンデー 1day ボシュロム 90枚 90枚 マキシボックス ),5755,●詳しい商品説明はこちら。広告文責株式会社ブラスト 03-3817-0070高度管理医療機器等　販売業　31文文生薬第1525号当店は都知事の許可のもと、改正薬事法に基づき販売・運営をおこなっております。区分：医療機器 海外製（アメリカ合衆国等）輸入販売元：ボシュロムジャパン株式会社医療機器承認番号：21700BZY00170000メーカー公式商品解説文非球面デザイン採用。細部までシャープで、コントラストも鮮やかなHD品質の視界。HD非球面レンズデザイン採用により、にじみ・ぼやけの原因のひとつ「球面収差」を軽減。より細部までシャープで、コントラストもいっそう鮮やかなHD品質の視界を提供します。ボシュロム メダリスト ワンデープラス周辺部からはいってくる光と中心部から入ってくる光が網膜上の1点に集まるので、像がくっきり見えやすい。雨の日の標識もくっきり。夜のイルミネーションもくっきり。「コンフォート モイスト テクノロジー」で、涙のうるおいが夜まで続く。「レンズ素材」「レンズデザイン」「レンズ保存液」3つのレンズ構成要素で、瞬きするたびに、涙がレンズ全体に行き渡る。涙のうるおいが夜まで続く。瞬きするたびに、涙がレンズ全体に行き渡る。レンズ周辺部のカーブが緩やかで、厚さも薄いので、瞬きするたびに涙がレンズ全体に広がりやすくなっています。「うるおい成分」が涙を引き寄せる。レンズ保存液に、涙を引き寄せる「うるおい成分」を配合。レンズ全体を涙のベールで包み込みます。汚れがつきにくい非イオン性素材だから、乾きにくい。汚れを引き寄せにくく乾燥しにくい素材を採用。雑菌の繁殖も抑え、一日中レンズは清潔です。毎日のつけはずしが簡単。携帯にも便利な容器。アーチ型に形状が安定レンズの形をしっかり保ち、表裏もわかりやすいので毎日のつけはずしが簡単です。取り出しやすい容器。指の形に合わせた独自の容器形状で、レンズを傷つけないで取り出しやすくなっています。携帯にも便利。レンズ容器同士を重ねられるため、左右のレンズをペアで持ち歩くことができます。,https://item.rakuten.co.jp/lensfactory/m1p90-02/,563999
19,20,スプラトゥーン2 すぐに遊べる Proコントローラーセット,12117,任天堂 Nintendo Switchスプラトゥーン2 スグニアソベル プロコントローラーセット 発売日：2020年11月20日 予約締切日：2020年11月18日 HACーWーAAB6A JAN：4902370546927 ゲーム Nintendo Switch シューティング その他,https://item.rakuten.co.jp/book/16505986/,566404
20,21,PlayStation5 HDカメラ,4180,ソニー・インタラクティブエンタテインメント PS5PS5 プレステ5 プレイステーション5 HDカメラ 発売日：2020年11月12日 予約締切日：2020年11月10日 CFIーZEY1G JAN：4948872415095 ゲーム PS5 周辺機器,https://item.rakuten.co.jp/book/16462862/,568377
21,22,【スーパーSALE期間中はエントリーでポイント10倍】ビーレジェンド プロテイン 13種類の味から選べる 2種セット 1kg ×2袋 (2kg)（ホエイプロテイン 女性 男性 ダイエット 筋トレ） おきかえダイエット 筋肥大 be LEGEND,6980,"当店は沖縄・離島・一部地域を除き3,980円(税込)以上で送料無料となります。対象外地域はこちらでご確認くださいビーレジェンドプロテインの単品、栄養成分等はこちらからご確認ください。こちら おいしくて、たんぱく質含有量は1食あたり20g以上。 泡立ちが少なく、溶けが抜群に良いホエイプロテイン。 数あるビーレジェンドのフレーバーの中から、 お好きな2種類をご自由に選んでいただけるセットが新登場！ 定番の組み合わせも良し、意外な組み合わせにするも良しの2袋セットです！※「一杯飲んどコーラ風味」は、コーラ風味を再現するために微炭酸となっております。 水に溶かすことで微量の炭酸ガスが発生し、ふきこぼれる恐れがあるため、 シェイカーに1袋分を入れ、フタをしっかりと抑えてシェイクしてください。 また、シェイカーのフタを開ける際は、ゆっくりとお開けください。 メーカー/輸入元株式会社Realstyle 生産国日本 商品区分健康食品 広告文責株式会社Realstyle 0120-242-007 ■サイトページとパッケージ裏面の栄養成分値の差について■ ビーレジェンドプロテインの原料であるホエイは、ニュージーランドやオーストラリア、アメリカ、ヨーロッパ等の製品を輸入し、国内で製造しております。 その年の天候や乳牛の状態により、ホエイの成分は微妙に変わってきます。そのため、都度より良いホエイ原料選んで仕入れております。 そしてその原料をより美味しく飲んでいただけいるよう日々商品の改良も行っております。 それにより、製造ロットごとに成分値が多少前後してまいります。 随時変更が行われるため、弊社サイトページの成分表の数値と製品裏面の栄養成分表記の記載が合わない可能性があります。 お手元の商品パッケージの裏面の栄養成分表記が正確な数値になりますので、そちらをご確認頂きますようお願いいたします。【重要】アレルギー成分変更のお知らせ 『ビーレジェンド プロテイン すっきリンゴ風味』は、更に美味しくリニューアルいたしました。 なお、リニューアルに伴い本製品に含まれるアレルギー物質が以下の通り変更となります。ご注意ください。 【変更点】 旧　本製品に含まれるアレルギー物質(特定原材料等28品目中) 乳成分・大豆 新　本製品に含まれるアレルギー物質(特定原材料等28品目中) 乳成分・大豆・りんご ご愛飲いただいている皆様にはお礼を申し上げるとともに、リニューアル商品につきましてもご愛顧賜りますよう、よろしくお願い申し上げます。 WPC ホエイ シェイカー シェーカー 減量 筋肉 オススメ おすすめ 低糖質 安い 置き換え 直販 国産 日本製 ランキング 痩せる 人気 運動 ランニング 子供 高齢 3kg 2kg 1kg ドリンク",https://item.rakuten.co.jp/realstyle4u/blco/,567617
22,23,SALONIA【スーパーDEAL】＼20%ポイントバック／ 9/11 1:59迄 ドライヤー ■一部9/13入荷予定■ サロニア 公式店 スピーディーイオンドライヤー 送料無料 1年保証 大風量 軽量 速乾 コンパクト ビラブド ピンク ブラック ホワイト グレー ヘアドライヤー さろにあ,5478,※ご注文商品の発送予定日が異なる場合は、 一番遅い発送予定日に合わせての発送となります。 （別商品をご注文の際は別送ができかねますので、 ご注文商品が全て揃ってからの同梱発送となります。） ※ごく稀に同時注文のタイムラグや注文殺到により、欠品が生じる場合がございますが、その際は出荷までにお時間を頂戴する場合や、キャンセルとなる場合がございます。 ブランド名 SALONIA 商品名 スピーディーイオンドライヤー　SL-013BK スピーディーイオンドライヤー　SL-013WH スピーディーイオンドライヤー　SL-013GR スピーディーイオンドライヤー　SL-013NV スピーディーイオンドライヤー　SL-013PK 商品区分 電化製品 サイズ[ 幅×奥行き×高さ ] 202×75×199mm（使用時、ノズル装着時）202×75×131mm（折りたたみ時、ノズル装着時） コード長 約1.7m 温風温度 約80℃（TURBO・室温30℃・ノズル装着なし）約103℃ (TURBO・室温30℃・ノズル装着時） 重量 約495g(ノズル・コード込み) 定格消費電力 1200W (TURBO時） 電源 AC100V　50/60Hz 本体素材 PC(ポリカーボネート) 生産 中国 保証 【メーカー1年保証】 ※1年メーカー保証条件として保証書と併せて、販売店証明書、又は商品納品書の保管をお願い致します。 ※お買い上げから1年間、無料交換をさせていただきます。お気軽にお問合せくださいませ。 ※当店でご購入いただいたお客様は、当店へご連絡くださいませ。 ※メーカー1年保証は国外での故障は保証外となります。 ※交換は国内の発送のみとなります。 使用上の注意 ・使用中、吸込口から髪の毛を10cm以上離してください。髪の毛が吸い込まれ、髪の毛が切れたり、やけど・故障の原因となります。 ・使用の際は、同じ箇所に長時間当て続けないようにしてください。髪を傷める原因となります。 ・使用後は電源がOFFになっていることを確認し、必ずコンセントから電源プラグを抜いてください。 ・水洗いは絶対にしないでください。故障の原因となります。 ・アルコール、ベンジン、除光液などを使用しないでください。故障や部品の破損、変色などの原因となります。 ・ノズル、本体部分に整髪料や髪の汚れが付着したまま放置しないでください。変色したり、故障の原因となります。 ・ヘアピンなど他のものと一緒に保管しないでください。本体内部に入り込んだ場合、故障の原因となります。 商品説明 大風量：2.3&#13221;/min ※大風量。より強い風で速乾を実現。※ノズル装着TURBO時　※自社測定による マイナスイオン：髪に嬉しいマイナスイオン機能を搭載。 SETモード搭載：やらかい温風で髪のことを考えたスタイリングが可能。 コンパクト：折りたたみ式なので、コンパクトで収納や持ち運びなどにも便利。 メーカー名 株式会社I−ne 広告文責 株式会社I−ne 0120−777-034※自社調べ,https://item.rakuten.co.jp/kobe-beauty-labo/sal004/,502792
23,24,マイプロテイン 公式 【MyProtein】送料無料 ホエイプロテイン1kg＋ミニシェイカーお試しセット　【当店を初回ご利用の方限定商品。2回目以降はキャンセルいたします】【楽天海外直送】,2400,"ITEM INFORMATION 名称 Impactホエイプロテイン 原材料名 チョコレートブラウニー味: 濃縮乳清タンパク (牛乳)、 乳化剤 (大豆レシチン)、 低脂肪ココアパウダー、 香味料、 甘味料 (スクラロース) チョコレートスムーズ味: 濃縮乳清タンパク (牛乳)、 乳化剤 (大豆レシチン)、 ココアパウダー、 香味料、 甘味料 (スクラロース) チョコレートナッツ味: 濃縮乳清タンパク (牛乳)、 乳化剤 (大豆レシチン)、 ココアパウダー、 香味料、 甘味料 (スクラロース) チョコミント味: 濃縮乳清タンパク (牛乳)、 乳化剤 (大豆レシチン)、 低脂肪ココアパウダー、 甘味料 (スクラロース)、 香味料 チョコバナナ味: 濃縮乳清タンパク (牛乳)、 乳化剤 (大豆レシチン)、 ココアパウダー、 香味料、 甘味料 (スクラロース) ナチュラル・チョコレート味: 濃縮乳清タンパク (牛乳)、 乳化剤 (大豆レシチン)、 ココアパウダー、 香味料、 甘味料 (スクラロース) ナチュラル・ストロベリー味: 濃縮乳清タンパク (牛乳)、 乳化剤 (大豆レシチン)、 天然香味料、 色素 (ビートレッド)、 甘味料 (スクラロース) ストロベリークリーム味: 濃縮乳清タンパク (牛乳)、 乳化剤 (大豆レシチン)、 香味料、色素 (ビートレッド)、 甘味料 (スクラロース) バナナ味: 濃縮乳清タンパク (牛乳)、 香味料、 色素 (クルクミン)、 乳化剤 (大豆レシチン)、 甘味料 (スクラロース) ブルーベリー味: 濃縮乳清タンパク (牛乳)、 乳化剤 (大豆レシチン)、 天然香味料 (亜硫酸塩)、 色素 (ビートレッド、 アントシアニン)、 クエン酸、 甘味料 (スクラロース) パイナップル味: 濃縮乳清タンパク (牛乳)、 乳化剤 (大豆レシチン)、 香味料、 色素 (カロテン)、 甘味料 (スクラロース) ラズベリー味: 濃縮乳清タンパク (牛乳)、 乳化剤 (大豆レシチン)、 香味料、 クエン酸、 色素 (ビートレッド)、 紫人参エキス、 甘味料 (スクラロース) 塩キャラメル味: 濃縮乳清タンパク (牛乳)、 乳化剤 (大豆レシチン)、 香味料、 色素 (E150c)、 甘味料 (スクラロース) バニラ味：濃縮乳清タンパク (牛乳)、乳化剤（大豆 レシチン）、香料、甘味料（スクラロース） ナチュラル・バニラ味: 濃縮乳清タンパク (牛乳)、 乳化剤 (大豆レシチン)、 天然香味料、 甘味料 (スクラロース) ブルーベリー・チーズケーキ味: 濃縮乳清タンパク (牛乳)、 乳化剤 (大豆レシチン)、 色素 (ビートレッド)、 香味料、 甘味料 (スクラロース) クッキー＆クリーム味: 濃縮乳清タンパク (牛乳)、 乳化剤 (大豆レシチン)、 香味料、 甘味料 (スクラロース) コーヒー・キャラメル味: 濃縮乳清タンパク (牛乳)、 乳化剤 (大豆レシチン)、 色素 (E150a)、 香味料、 甘味料 (スクラロース) ミルクティー味: 濃縮乳清タンパク (牛乳)、乳化剤(大豆 レシチン))、香料 抹茶ラテ味: 濃縮乳清タンパク (牛乳) 、 乳化剤 (大豆&#160;レシチン、ヒマワリレシチン)、 抹茶パウダー、脱脂粉乳、甘味料 (スクラロース) 内容量 1kg 賞味期限 パッケージに記載 保存方法 直射日光を避け、涼しく乾燥した場所で保管してください。 製造者 THG International Ltd 5th Floor, Voyager House, Chicago Avenue, Manchester Airport, Manchester M90 3DQ 生産国 イギリス 商品区分 健康食品 広告文責 THG International Ltd + 44(0)1618131487 製品について はじめての方限定で、大人気ホエイプロテイン1kg（40食分）＋ミニシェイカーセットを特別価格2400円（送料込）でご提供します。豊富なフレーバーの中からお好きなお味をお選びいただけます。 Impactホエイプロテインは高精製された非常に純度の高い濃縮乳清タンパク質から作られ、タンパク質含有量80％の高品質プロテインです。必須アミノ酸（EAA）、ロイシン（アミノ酸の一種）を配合しています。 Impactホエイプロテインは、高吸収型であり、日々のトレーニングによって消費されることが理想です。水やミルクと共に、またはお好きなスムージーやヨーグルトに混ぜてのご利用も可能です。毎日のタンパク質摂取をしたい方、カラダ作りに励まれる方におすすめです。 ※この商品のラベル表示は英語で表示されております。 ※栄養成分量は製造状況、またはフレーバーにより多少異なる場合がございます。予めご了承ください。 ご使用の目安 ワークアウト後30〜60分以内に牛乳または水150〜250mlに付属のスプーン1杯分（約25g）を溶かして摂取することを推奨していますが、お好みに応じてご調整ください。 日々のタンパク質摂取が目的の場合は、時間を問わずいつでも供給可能です。 ▼個人輸入ご利用のご注意 ・当店でご購入された商品は、「個人輸入」としての取り扱いになり、イギリスからお客様のもとへ直送されます。 ・個人輸入される商品は、すべてご注文者自身の「個人使用・個人消費」が前提となりますので、ご注文された商品を第三者へ譲渡・転売することは法律で禁止されております。 ・関税・消費税が課税される場合があります。 《詳細はこちら》当店を初回ご利用の方限定商品 ※おまかせ3種飲み比べセットまたはホエイプロテイン1kg＋ミニシェイカーお試しセットのいずれか1点のみが初回限定対象商品となります。両方はご購入いただけませんのでご了承ください。 初回限定！いろいろな味を一気にお試ししたい方はこちら &gt;&gt;Impact ホエイプロテイン 飲み比べセット ホエイプロテイン 1kgチョコレート単品価格 3,990円 ホエイプロテイン 1kgフルーツ単品価格 3,990円 ホエイプロテイン 1kgデザート単品価格 3,990円 ホエイプロテイン 1kgその他の味単品価格 3,990円 当店を初回ご利用の方限定商品 ※おまかせ3種飲み比べセットまたはホエイプロテイン1kg＋ミニシェイカーお試しセットのいずれか1点のみが初回限定対象商品となります。両方はご購入いただけませんのでご了承ください。",https://item.rakuten.co.jp/myprotein/12202486_new/,567617
24,25,クリスタルガイザー 水 500ml 48本 送料無料 飲料水 ミネラルウォーター 水 お水 天然水 48本入り 24本入り×2ケースセット CRYSTAL GEYSER 500ml×48本【並行輸入品】【D】【代引き不可】【割振】,2440,"※こちらの商品は代引き不可となっております。予めご了承ください。 ※北海道地域へお届けの場合、1個当たり660円の送料を頂戴いたします。 (例：1個ご注文→送料660円) (例：2個ご注文→送料1,320円) ※注文数量によっては別途配送料が発生する場合がございます。配送料がかかる場合につきましては別途ご案内させて頂きます。 ※15ケース以上のご注文の場合、一括納品ができない場合がございます。 また、別途配送料が発生する場合がございます。配送料につきましては別途ご案内させて頂きます。 ※お届け先のエレベーター有無、道幅が狭い場所、配達が困難な場所等、配送業者の判断によっては別途配送料が発生する場合がございます。上記ご了承のうえ、ご注文頂きますようお願い申し上げます。 毎日飲みたいピュアで美味しい軟水 クリスタルガイザーとはアメリカで最も美しい山の1つに数えられるカリフォルニア州の山々を水源とするアメリカ生まれの天然水ミネラルウォーターです。 ミネラルウォーター、クリスタルガイザーで水分補給をしましょう。 ※こちらは通常のミネラルウォーターです。炭酸は含まれておりません。 ※並行輸入品のためキャップの色は白になります。 ※マウントシャスタまたはオランチャの湧水を使用していますがご指定はいただけません。 ※こちらの商品は、輸入の都度予告無くパッケージデザインが変更になる場合がございます。そのため商品画像と実物のデザインが異なる場合がございます。パッケージを理由とした返品・交換は承れません。 ●内容量：500mL×24本 ●(mg／L)エネルギー・・・0 タンパク質・・・0 脂質・・・0 炭水化物・・・0 ナトリウム・・・0 カルシウム・・・18 マグネシウム・・・1.3 カリウム・・・1.7 PH値・・・6.8 ・本品は並行輸入商品です。 ・高温、直射日光をさけて保存してください。 ・開栓後は冷蔵庫に入れ、お早めにお飲みください。 ・容器のまま、加熱、凍結はしないでください。 広告文責e-net shop株式会社03-6706-4521区分原産国　アメリカ/水（軟水）FAQよくある質問は＞＞こちらをご確認下さい＜＜ ※並行輸入品のためキャップの色は白になります。※マウントシャスタまたはオランチャの湧水を使用していますがご指定はいただけません。 ☆お客様からのレビューも高評価！価格＆納期自信あり(^^)v 【ご一緒にいかがですか？】 見逃し厳禁！随時更新中♪",https://item.rakuten.co.jp/kurashikenkou/9419874/,201351
25,26,プロテイン ホエイ 1kg 武内製薬 THE PROTEIN ホエイプロテイン 女性 男性 ダイエット プロテインダイエット バナナ ストロベリー ココア コーラ ピーチ ソーダ レモンヨーグルト すっきり 飲みやすい 甘すぎない 高タンパク質 高たんぱく ビタミン 送料無料,2680,商品説明商品紹介さっぱりした飲み心地のプロテインが登場！ホエイプロテインは高タンパク！更にビタミンも豊富なので健康にも◎ 内容量1kg 成分 【ピーチ風味】ホエイたんぱく濃縮物（アメリカ製造又はオーストラリア製造）、デキストリン、食塩 / 酸味料、香料、甘味料（アスパルテーム・L−フェニルアラニン化合物）、V.C、ナイアシン、V.E、パントテン酸 Ca、V.B6、V.B2、V.B1、V.A、葉酸、V.D3、V.B12（一部に乳成分を含む） 【ストロベリー風味】ホエイたんぱく濃縮物（アメリカ製造又はオーストラリア製造）、デキストリン、食塩 / 香料、酸味料、甘味料（アスパルテーム・L−フェニルアラニン化合物）、ベニコウジ色素、V.C、ナイアシン、V.E、パントテン酸Ca、V.B6、V.B2、V.B1、V.A、葉酸、V.D3、V.B12（一部に乳成分を含む） 【ココア風味】ホエイたんぱく濃縮物（アメリカ製造又はオーストラリア製造）、ココアパウダー、デキストリン、食塩 / 香料、甘味料（アスパルテーム・L−フェニルアラニン化合物）、V.C、ナイアシン、V.E、パントテン酸Ca、V.B6、V.B2、V.B1、V.A、葉酸、V.D3、V.B12（一部に乳成 、 分・小麦を含む） 【コーラ風味】ホエイたんぱく濃縮物（アメリカ製造又はオーストラリア製造）、食塩 / 酸味料、香料、重曹、着色料（カラメル）、甘味料（アスパルテーム・L−フェニルアラニン化合物）、V.C、ナイアシン、V.E、パントテン酸 Ca、V.B6、V.B2、V.B1、V.A、葉酸、V.D3、V.B12（一部に乳成分を含む） 【ソーダ風味】ホエイたんぱく濃縮物（アメリカ製造又はオーストラリ ア製造）、食塩 / 酸味料、重曹、香料、甘味料（アスパルテー ム・L−フェニルアラニン化合物）、V.C、スピルリナ色素、 ナイアシン、V.E、パントテン酸 Ca、V.B6、V.B2、 V.B1、V.A、葉酸、V.D3、V.B12（一部に乳成分を含む） 【バナナ風味】ホエイたんぱく濃縮物（アメリカ製造又はオーストラリア製造）、デキストリン、食塩/香料、甘味料（アスパルテーム・L−フェニルアラニン化合物）、クチナシ色素、V.C、ナイアシン、V.E、パントテン酸 Ca、V.B6、V.B2、V.B1、V.A、葉酸、V.D3、V.B12（一部に乳成分を含む） 【レモンヨーグルト風味】ホエイたんぱく濃縮物（アメリカ製造又はオーストラリア製造）、デキストリン、食塩 / 酸味料、香料、甘味料（アスパルテーム・L−フェニルアラニン化合物）、V.C、ナイアシン、V.E、パントテン酸Ca、V.B6、V.B2、V.B1、V.A、葉酸、V.D3、V.B12（一部に乳成分を含む） 注意事項高温多湿、直射日光を避け、冷暗所に保管してください。 発売元武内製薬株式会社広告文責武内製薬株式会社 TEL:(03)6721-9080(代) 関連キーワード プロテイン 1kg シェイカー 女性 男性　おとめ 紳士 しんし 乙女 メンズ レディース 男 女 女性用 男性用 男用 女用 レディース用 メンズ用 兼用 男女兼用 ダイエット ホエイ 甘くない すっきり さっぱり 飲みやすい 安い ビタミン 栄養 高タンパク こうたんぱく 健康 チョコ チョコレート いちご 苺 レモン ヨーグルト メーカー希望小売価格はメーカーサイトに基づいて掲載しています,https://item.rakuten.co.jp/takeuchi-labo/ta-the-pr/,567617
26,27,【9/4 20:00〜 P20倍！】【1年保証】WAQ 2WAY フォールディング コット waq-cot1【送料無料】,15800,■製 品 詳 細■ □ブランド□：WAQ □カラー□：タン / オリーブ □サイズ□ ハイver：長さ約190cm x 横幅約65cm x 高さ約37cm ローver：長さ約190cm x 横幅約65cm x 高さ約17cm 収納時：横約60cm x 高さ約18cm x 幅約18cm □重量□：約3.2g □耐荷重□：分散耐荷重【150kg】 【試験機関】にてテスト済み ■セット内容■ ・ベッドシート x 1枚 ・サイドフレーム x 2本 ・レッグフレーム x 3個 ・レッグポール x 12本 ・収納ケース x 1 ・日本語説明書 ■注意事項■ ・安全のため、お子様がご使用になられる場合は必ず保護者様の目の届く範囲でお使いくださいませ。 ・コットの上で飛び跳ねたりしないでください。 ・耐荷重は分散耐荷重です。一点に重さを集中させないでください。 ・ディスプレイの環境により画像のお色味が異なる場合がございます。 ・お使いのPC・モバイルのモニターによっては色合いが異なって見える場合がありますのでご了承くださいませ。 ・製品の仕様及びデザインは改良のため予告なく変更する場合がございます。,https://item.rakuten.co.jp/waqoutdoor/waq-cot1/,565796
27,28,【送料無料！3ダースセット】 ホンマ ゴルフ ボール D1 D-1 まとめ買い 368ディンプル 2ピース ソフトアイオノマー 本間ゴルフ BT1801,3333,1ダース12球入り 全領域のヘッドスピードに対応 飛距離追求型ディスタンスタイプ コスパが良く、カラーが豊富 コアは高反発ラバーの2ピースボール 368ディンプルで強弾道を実現 高反発ラバーコアとの相性が抜群なソフトアイオノーマーカバー プレイヤーズナンバー：1.2.3.5 原産国：台湾 カラー：イエロー、ホワイト、オレンジ、マルチカラー ホンマ ゴルフ ボール D1 飛距離 スピン 368ディンプル 2ピース ソフトアイオノマー 高反発ラバーコア本間ゴルフ BT1801 outlet,https://item.rakuten.co.jp/golfpartner-2/honma-ball-004x3/,204964
28,29,【スーパーセール限定クーポンで351円】【総合1位受賞】血色マスク 20枚セット 立体マスク 韓国 血色カラー 大人用 使い捨てマスク 不織布マスク グレーマスク ブラックマスク 3D立体加工 高密度フィルター メガネが曇りにくい 口紅が付きにくい 送料無料 cicibella,796,KF94マスク カラー　韓国マスク　KFマスク　マスク　立体　血色マスク 血色カラー カラーマスク　不織布　使い捨てマスク　立体マスク cicibella メーカー希望小売価格はメーカーサイトに基づいて掲載しています◆SNSでも話題の血色マスクはこちら ◆ひんやり冷たい！接触冷感マスクはこちら ◆カラー豊富！子供用マスクはこちら SPEC 必ずお読みください ■ 商品のお届け・返品・交換について ・マスクのご注文が殺到している為、発送するまでお時間を頂いております。順次に発送しておりますので、しばらくお待ちください。 ・マスクの取り置きは致しませんので、受注順番ではなく、ご入金の順番で発送させていただきます。 ・衛生用品のため、お届け後の返品交換は不可とさせていただきます。 ・当店で購入したマスクを転売すると、処罰対象となる可能性があります。 ■ 商品価格について 大変申し訳ございません。新型コロナウィルスの影響による急激な需要の高まりにより、マスクの原材料や物流等のコストが高まった為、毎日の価格に変動がございまして値上がりさせていただく場合もございます。予めご了承ください。 ■ 商品について ※ディスプレイ画面等の環境上、写真と実際の商品の色とは多少違う場合がございます。 商品仕様 【商品名】3D構造マスク 【サイズ】(約)19.5cm×8.2cm 【材質】ポリプロピレン 【有効期限】2年 使用方法 1．マスクのとがっている方を下にして広げ、顔に当てる。 2．耳ひも部分を伸ばし、耳に掛ける。 3．手で軽くマスクをおさえ、顔にフィットさせる。 原産国 CHINA 店長からおすすめ売れ筋マスク,https://item.rakuten.co.jp/cicib/mskkf20-1/,402788
29,30,VALX ホエイプロテイン 【6種類の味から選べる2kgセット】1kg ×2袋 (2kg) 送料無料 チョコレート ベリー ヨーグルト カフェオレ バナナ レモネード バルクス 国内生産 WPC 山本義徳 ホエイ プロテイン1kg 筋トレ タンパク質 ダイエット 男性 女性 安い valx公式,6437,VALX (バルクス) ホエイプロテイン チョコレート風味・ベリー風味・ヨーグルト風味・カフェオレ風味・バナナ風味・レモネード風味 【山本義徳 開発への想い】 もっとも重要な栄養素の1つであるタンパク質。それを補ってくれるプロテインパウダーは、健康にも美容にも欠かせない一品です。プロテインパウダーに求められる条件。それはタンパク含有率が十分に高く、味が良くて溶けやすく、さらに経済的な心配なしにガンガン飲める金額で買えるということです。 このすべての条件を満たしたプロテインが誕生しました。ベースとなるサプリメントとしてご愛用ください。 【3つのこだわりポイント】 1. 美味しさ：フレーバーにとことんこだわり、水で美味しく飲める味を追求しました。 2. 溶けやすさ：独自の配合で溶けやすさを実現。泡立ちやこなっぽさを抑えました。 3. 価格：毎日飲むものだからこそ、続けやすい価格で提供致します。 【原材料名】 ・チョコレート風味 乳清たんぱく、ココアパウダー、食用植物油脂、食塩、マルトデキストリン／香料、甘味料（アスパルテーム・L-フェニルアラニン化合物、スクラロース）、乳化剤、加工デンプン、（一部に乳成分・大豆を含む） ・ベリー風味 乳清たんぱく/酸味料、香料、甘味料(ステヒ&#12441;ア、アスハ&#12442;ル テーム・L-フェニルアラニン化合物)、乳化剤、ヘ&#12441;ニコウシ&#12441;色素、(一部に乳成分・ 大豆を含む) ・ヨーグルト風味 乳清たんぱく、殺菌済発酵乳加工品、ビフィズス菌代謝物/酸味料、香料、増粘多糖類、甘味料(ステヒ&#12441;ア、スクラロース、アセスルファ ムカリウム)、乳化剤、(一部に乳成分・大豆を含む) ・カフェオレ風味 乳清たんぱく、クリーミングパウダー、コーヒーパウダー、コーヒーエキス、食塩/香料、乳化剤、甘味料(アセスルファムカリウム、アスハ&#12442;ルテーム・L-フェニルアラニン化合物、スクラロース)、(一部に乳成分・大豆 を含む) ・バナナ風味 乳清たんぱく（アメリカ製造）、バナナパウダー/乳化剤、香料、増粘多糖類、甘味料（アスパルテーム・L-フェニルアラニン化合物、アセスルファムカリウム）、クエン酸、（一部に乳成分・大豆・バナナを含む） ・レモネード風味 乳清たんぱく（アメリカ製造）/酸味料、乳化剤、香料、甘味料（ステビア、スクラロース）、クチナシ色素、（一部に乳成分・大豆を含む） 【栄養成分表示】 ・チョコレート風味 1食(30g)当たり エネルギー117lcal、炭水化物3.8g、たんぱく質21.8g、食塩相当量0.21g、脂質1.6g ・ベリー風味 1食(30g)当たり エネルギー117kcal、炭水化物4.3g、たんぱく質21.8g、食塩相当量0.16g、脂質1.4g ・ヨーグルト風味 1食(30g)当たり エネルギー117kcal、炭水化物4.4g、たんぱく質21.6g、食塩相当量0.17g、脂質1.4g ・カフェオレ風味 1食(30g)当たり エネルギー117kcal、炭水化物3.9g、たんぱく質21.8g、食塩相当量0.29g、脂質1.6g ・バナナ風味 1食(30g)当たり エネルギー116kcal、炭水化物4.7g、たんぱく質21.4g、食塩相当量0.1g、脂質1.2g ・レモネード風味 1食(30g)当たり エネルギー117kcal、炭水化物4.4g、たんぱく質21.5g、食塩相当量0.1g、脂質1.5g 【お召し上がり方】 付属のスプーン2杯（約30g）程度を200&#12316;300mlの冷たい水などに溶かしてお召し上がりください。 【おすすめの摂取タイミング】 目安1日2回&#12316;3回。 トレーニング前・トレーニング後・間食・夜がオススメです。 ・トレーニング1時間前 トレーニング1時間前に摂取すれば、約1時間で血中アミノ酸濃度を上げることができます。 血中アミノ酸濃度を高めることで、トレーニング中の筋肉の分解を防ぎ、最後までハードなトレーニングをやり抜くことができます。 ・トレーニング後 トレーニング後は、タンパク質が吸収されやすい状態になっています。 傷ついた筋肉が、回復するために、多くのタンパク質を必要としている状態だからです。 そこでプロテインを摂取することで、効率よくタンパク質を筋肉に運び、筋肉の成長をより効果的にサポートしてくれます。 ・間食時・夜に 食事と食事の間や夜おやすみ前にタンパク質を摂取することで、血中アミノ酸濃度の低下を抑えることができます。 【販売者】 株式会社　レバレッジ 商品に関するお問い合わせは、下記までお願いいたします。 受付時間：10：00-17：00(土日祝、年末年始除く) 電話：0120-778-693 【商品区分】 日本製・サプリメント 【広告文責】 株式会社　レバレッジ 電話：0120-778-693 以下のキーワードに興味のある方はぜひ商品ページをご覧ください。 プロテイン WPC チョコ コスパ 男性 女性 ダイエット 置換え メンズ レディース おとめ しんし すっきり 飲みやすい 筋トレ 美味しい以下のキーワードに興味のある方はぜひ商品ページをご覧ください。 プロテイン WPC チョコ コスパ 男性 女性 ダイエット 置換え メンズ レディース おとめ しんし すっきり 飲みやすい 筋トレ 美味しい,https://item.rakuten.co.jp/valx/v004100/,567617
